"Validation Configuration ID","Configuration ","Sample Call String"
"1","-x1 '-3.085375334618408' -x2 '11.809284708793113'","python2.7 example_scenarios/branin/branin.py no_instance 0 1.7976931348623157E308 2147483647 -1 -x1 '-3.085375334618408' -x2 '11.809284708793113' "
